{
    "nanum gothic": {
        "normal": "C:\\Apache24\\htdocs\\b2b\\public\\\/fonts\/nanum_gothic_normal_ea2d381ff1ccad12104229c1ad2aa788",
        "bold": "nanum_gothic_bold_9496dd913cb4baaa1dc70355af943b4d"
    },
    "gothic a1": {
        "100": "C:\\Apache24\\htdocs\\b2b\\public\\\/fonts\/gothic_a1_100_62b1f4e286dbce2ea82e1c87bdcdc81b",
        "200": "C:\\Apache24\\htdocs\\b2b\\public\\\/fonts\/gothic_a1_200_c842be0e6c336933e4969b7a74e4fa0e",
        "300": "C:\\Apache24\\htdocs\\b2b\\public\\\/fonts\/gothic_a1_300_056d0dd4cc096751304d1a68b198c2d2",
        "normal": "C:\\Apache24\\htdocs\\b2b\\public\\\/fonts\/gothic_a1_normal_f684a7a3709398b28d2e7106516863ed",
        "500": "C:\\Apache24\\htdocs\\b2b\\public\\\/fonts\/gothic_a1_500_f1ffb11990fc2ca0bcfda6eb767f83fc",
        "600": "C:\\Apache24\\htdocs\\b2b\\public\\\/fonts\/gothic_a1_600_5b89bed4639b4211afc918d28db6d1db",
        "bold": "C:\\Apache24\\htdocs\\b2b\\public\\\/fonts\/gothic_a1_bold_d4d15e0fb18dc8eb616f9367b40fab03",
        "800": "C:\\Apache24\\htdocs\\b2b\\public\\\/fonts\/gothic_a1_800_870d86ccf8656861e811522629396267",
        "900": "gothic_a1_900_7f020f0df5b38d39d685b959d1d806b8"
    }
}